,ESN,DESN,HESN,ARIMA,LSTM,GRU
0,0.0001477618062537987,0.00116430559676362,0.0003686878106973499,0.00013342387730968266,0.00017871202886577788,0.00018749461577914373
