,ESN,DESN,HESN,ARIMA,LSTM,GRU
0,0.009713065860070525,0.031014502370527032,0.04304913679593626,0.008042444965352617,0.009399024601866363,0.009138094130144072
