,ESN,DESN,HESN,ARIMA,LSTM,GRU
0,0.00850146065147795,0.3540870985443015,0.11035730312418206,0.007900247238604167,0.010724272825019374,0.010672760026152684
