,ESN,DESN,HESN,ARIMA,LSTM,GRU
0,27.16812112929482,89.69958716121211,15.168506335090932,0.00016677612173871225,0.00024262884633964907,0.0002455699674499463
