,ESN,DESN,HESN,ARIMA,LSTM,GRU
0,0.009372310388833094,1.588104474798912,0.2884520128921292,0.008674395954909294,0.011781912408419644,0.012232136977337129
